0.000000000000000000e+00,0.000000000000000000e+00
1.745329251994329547e-02,1.474814912496513666e-11
3.490658503988659095e-02,5.962664374755947611e-11
5.235987755982988989e-02,1.359414854246828974e-10
6.981317007977318190e-02,2.450773691627750518e-10
8.726646259971647390e-02,3.885037107504540648e-10
1.047197551196597798e-01,5.677812413463552715e-10
1.221730476396030718e-01,7.845692330007784041e-10
1.396263401595463638e-01,1.040633427143571772e-09
1.570796326794896558e-01,1.337854747684785728e-09
1.745329251994329478e-01,1.678238891464915777e-09
1.919862177193762398e-01,2.063926901615471505e-09
2.094395102393195596e-01,2.497206844256057963e-09
2.268928027592628516e-01,2.980526726230541212e-09
2.443460952792061436e-01,3.516508811716767207e-09
2.617993877991494078e-01,4.107965519068514942e-09
2.792526803190927276e-01,4.757917106815264680e-09
2.967059728390360474e-01,5.469611390145689547e-09
3.141592653589793116e-01,6.246545767399424472e-09
3.316125578789226314e-01,7.092491881270520345e-09
3.490658503988658956e-01,8.011523293038331618e-09
3.665191429188092154e-01,9.008046611981779293e-09
3.839724354387524796e-01,1.008683659842566399e-08
4.014257279586957994e-01,1.125307585038338343e-08
4.188790204786391191e-01,1.251239979396465685e-08
4.363323129985823834e-01,1.387094783096537769e-08
4.537856055185257032e-01,1.533542165885057869e-08
4.712388980384689674e-01,1.691315197566410430e-08
4.886921905584122872e-01,1.861217502416122873e-08
5.061454830783556069e-01,2.044132072709732069e-08
5.235987755982988157e-01,2.241031453387147725e-08
5.410520681182421354e-01,2.452989555677024592e-08
5.585053606381854552e-01,2.681195414789324700e-08
5.759586531581287749e-01,2.926969278833660916e-08
5.934119456780720947e-01,3.191781507283388714e-08
6.108652381980153034e-01,3.477274873369010092e-08
6.283185307179586232e-01,3.785291013508845995e-08
6.457718232379019430e-01,4.117901958744007036e-08
6.632251157578452627e-01,4.477447932374077514e-08
6.806784082777884715e-01,4.866582924070014385e-08
6.981317007977317912e-01,5.288329980503615755e-08
7.155849933176751110e-01,5.746148723158989917e-08
7.330382858376184307e-01,6.244018367261652590e-08
7.504915783575617505e-01,6.786540544039226104e-08
7.679448708775049592e-01,7.379067623021536739e-08
7.853981633974482790e-01,8.027864132811359944e-08
8.028514559173915988e-01,8.740311481887571439e-08
8.203047484373349185e-01,9.525169745838214727e-08
8.377580409572782383e-01,1.039291514297487259e-07
8.552113334772214470e-01,1.135617832700549635e-07
8.726646259971647668e-01,1.243031701666564647e-07
8.901179185171080865e-01,1.363416636599378872e-07
9.075712110370514063e-01,1.499101942247257944e-07
9.250245035569946150e-01,1.652988969882606001e-07
9.424777960769379348e-01,1.828707387404605582e-07
9.599310885968812546e-01,2.030789820166150566e-07
9.773843811168245743e-01,2.264812545444570255e-07
9.948376736367678941e-01,2.537341930542382190e-07
1.012290966156711214e+00,2.855278831172214057e-07
1.029744258676654534e+00,3.223780806303206023e-07
1.047197551196597631e+00,3.641839397946369360e-07
1.064650843716540951e+00,4.096492374888687750e-07
1.082104136236484271e+00,4.561148463769043851e-07
1.099557428756427591e+00,5.003594768662678679e-07
1.117010721276370910e+00,5.398970980978459293e-07
1.134464013796314230e+00,5.736278167111384759e-07
1.151917306316257550e+00,6.015590506696324741e-07
1.169370598836200870e+00,6.242232399215918683e-07
1.186823891356144189e+00,6.422723754693656583e-07
1.204277183876087287e+00,6.562972570549373622e-07
1.221730476396030607e+00,6.667733546406467239e-07
1.239183768915973927e+00,6.740577119806671618e-07
1.256637061435917246e+00,6.784008999018552674e-07
1.274090353955860566e+00,6.799600725435720170e-07
1.291543646475803886e+00,6.788084780455952669e-07
1.308996938995747206e+00,6.749401455682119660e-07
1.326450231515690525e+00,6.682694981557206744e-07
1.343903524035633845e+00,6.586259045708538117e-07
1.361356816555576943e+00,6.457435019039581719e-07
1.378810109075520263e+00,6.292478703719673744e-07
1.396263401595463582e+00,6.086451110661845478e-07
1.413716694115406902e+00,5.833295947597882154e-07
1.431169986635350222e+00,5.526513338197832425e-07
1.448623279155293542e+00,5.161251176716548535e-07
1.466076571675236861e+00,4.738737774501108568e-07
1.483529864195180181e+00,4.272076535877380914e-07
1.500983156715123501e+00,3.787925569414803766e-07
1.518436449235066599e+00,3.318492296311967293e-07
1.535889741755009918e+00,2.888559075055927844e-07
1.553343034274953238e+00,2.508972045089773587e-07
1.570796326794896558e+00,2.179424675134717501e-07
1.588249619314839878e+00,1.894273312136735395e-07
1.605702911834783198e+00,1.646581457295161663e-07
1.623156204354726517e+00,1.429912994304097460e-07
1.640609496874669837e+00,1.238854665497045009e-07
1.658062789394613157e+00,1.069022088521731668e-07
1.675516081914556477e+00,9.169074149360353700e-08
1.692969374434499574e+00,7.797056148571794060e-08
1.710422666954442894e+00,6.551625415644101384e-08
1.727875959474386214e+00,5.414532299853479166e-08
1.745329251994329534e+00,4.370877053951745441e-08
1.762782544514272853e+00,3.408389679710621404e-08
1.780235837034216173e+00,2.516880264103441040e-08
1.797689129554159493e+00,1.687817944116526682e-08
1.815142422074102813e+00,9.140063748327893195e-09
1.832595714594046132e+00,1.893316803949938020e-09
1.850049007113989230e+00,-4.914348982408594535e-09
1.867502299633932550e+00,-1.132792808883707273e-08
1.884955592153875870e+00,-1.738636198126760223e-08
1.902408884673819189e+00,-2.312353395436541455e-08
1.919862177193762509e+00,-2.856907327363396320e-08
1.937315469713705829e+00,-3.374900987063802127e-08
1.954768762233649149e+00,-3.868631102030904064e-08
1.972222054753592468e+00,-4.340132413018089406e-08
1.989675347273535788e+00,-4.791214430845852113e-08
2.007128639793478886e+00,-5.223492125880102612e-08
2.024581932313422428e+00,-5.638411692091180389e-08
2.042035224833365525e+00,-6.037272288200168811e-08
2.059488517353309067e+00,-6.421244473927397367e-08
2.076941809873252165e+00,-6.791385916196380350e-08
2.094395102393195263e+00,-7.148654828312450644e-08
2.111848394913138804e+00,-7.493921517210675110e-08
2.129301687433081902e+00,-7.827978344313194729e-08
2.146754979953025444e+00,-8.151548350187132669e-08
2.164208272472968542e+00,-8.465292748899182626e-08
2.181661564992912083e+00,-8.769817462321230423e-08
2.199114857512855181e+00,-9.065678835812841631e-08
2.216568150032798723e+00,-9.353388653272471511e-08
2.234021442552741821e+00,-9.633418550409133339e-08
2.251474735072684918e+00,-9.906203909381721019e-08
2.268928027592628460e+00,-1.017214730501095394e-07
2.286381320112571558e+00,-1.043162156205816847e-07
2.303834612632515100e+00,-1.068497247416549533e-07
2.321287905152458197e+00,-1.093252122762829528e-07
2.338741197672401739e+00,-1.117456656695539114e-07
2.356194490192344837e+00,-1.141138673395022328e-07
2.373647782712288379e+00,-1.164324120764287678e-07
2.391101075232231477e+00,-1.187037226867829157e-07
2.408554367752174574e+00,-1.209300640860511149e-07
2.426007660272118116e+00,-1.231135560181911217e-07
2.443460952792061214e+00,-1.252561845561822405e-07
2.460914245312004756e+00,-1.273598125185951840e-07
2.478367537831947853e+00,-1.294261889202029660e-07
2.495820830351891395e+00,-1.314569575601201637e-07
2.513274122871834493e+00,-1.334536648384171371e-07
2.530727415391778035e+00,-1.354177668813044299e-07
2.548180707911721132e+00,-1.373506360455735754e-07
2.565634000431664230e+00,-1.392535668648017907e-07
2.583087292951607772e+00,-1.411277814927020896e-07
2.600540585471550870e+00,-1.429744346927807629e-07
2.617993877991494411e+00,-1.447946184180210673e-07
2.635447170511437509e+00,-1.465893660195412560e-07
2.652900463031381051e+00,-1.483596561189836537e-07
2.670353755551324149e+00,-1.501064161757035990e-07
2.687807048071267690e+00,-1.518305257765743931e-07
2.705260340591210788e+00,-1.535328196733517607e-07
2.722713633111153886e+00,-1.552140905899996728e-07
2.740166925631097428e+00,-1.568750918201258532e-07
2.757620218151040525e+00,-1.585165396326748598e-07
2.775073510670984067e+00,-1.601391155022479701e-07
2.792526803190927165e+00,-1.617434681788344613e-07
2.809980095710870707e+00,-1.633302156103251496e-07
2.827433388230813804e+00,-1.648999467299171330e-07
2.844886680750757346e+00,-1.664532231193881590e-07
2.862339973270700444e+00,-1.679905805582077589e-07
2.879793265790643542e+00,-1.695125304675436908e-07
2.897246558310587083e+00,-1.710195612574071728e-07
2.914699850830530181e+00,-1.725121395844459618e-07
2.932153143350473723e+00,-1.739907115272342253e-07
2.949606435870416821e+00,-1.754557036853116077e-07
2.967059728390360362e+00,-1.769075242076864754e-07
2.984513020910303460e+00,-1.783465637560311471e-07
3.001966313430247002e+00,-1.797731964073577592e-07
3.019419605950190100e+00,-1.811877805005635602e-07
3.036872898470133197e+00,-1.825906594308734089e-07
3.054326190990076739e+00,-1.839821623958787064e-07
3.071779483510019837e+00,-1.853626050965730719e-07
3.089232776029963379e+00,-1.867322903965138844e-07
3.106686068549906476e+00,-1.880915089419911670e-07
3.124139361069850018e+00,-1.894405397458593921e-07
3.141592653589793116e+00,-1.907796507374827278e-07
3.159045946109736658e+00,-1.921090992810552248e-07
3.176499238629679756e+00,-1.934291326643861279e-07
3.193952531149622853e+00,-1.947399885600830050e-07
3.211405823669566395e+00,-1.960418954609208587e-07
3.228859116189509493e+00,-1.973350730910538845e-07
3.246312408709453035e+00,-1.986197327946047528e-07
3.263765701229396132e+00,-1.998960779030550911e-07
3.281218993749339674e+00,-2.011643040827584325e-07
3.298672286269282772e+00,-2.024245996638031133e-07
3.316125578789226314e+00,-2.036771459513653053e-07
3.333578871309169411e+00,-2.049221175206129335e-07
3.351032163829112953e+00,-2.061596824961475362e-07
3.368485456349056051e+00,-2.073900028169032047e-07
3.385938748868999149e+00,-2.086132344873587946e-07
3.403392041388942690e+00,-2.098295278158618155e-07
3.420845333908885788e+00,-2.110390276408089921e-07
3.438298626428829330e+00,-2.122418735453781424e-07
3.455751918948772428e+00,-2.134382000614612328e-07
3.473205211468715969e+00,-2.146281368634045307e-07
3.490658503988659067e+00,-2.158118089521235231e-07
3.508111796508602609e+00,-2.169893368301228208e-07
3.525565089028545707e+00,-2.181608366679176442e-07
3.543018381548488804e+00,-2.193264204623215175e-07
3.560471674068432346e+00,-2.204861961870359683e-07
3.577924966588375444e+00,-2.216402679359500792e-07
3.595378259108318986e+00,-2.227887360595325122e-07
3.612831551628262083e+00,-2.239316972946751745e-07
3.630284844148205625e+00,-2.250692448883250096e-07
3.647738136668148723e+00,-2.262014687152202793e-07
3.665191429188092265e+00,-2.273284553900283298e-07
3.682644721708035362e+00,-2.284502883741634869e-07
3.700098014227978460e+00,-2.295670480775475031e-07
3.717551306747922002e+00,-2.306788119555589111e-07
3.735004599267865100e+00,-2.317856546014027867e-07
3.752457891787808641e+00,-2.328876478341192721e-07
3.769911184307751739e+00,-2.339848607824355236e-07
3.787364476827695281e+00,-2.350773599646542053e-07
3.804817769347638379e+00,-2.361652093647602213e-07
3.822271061867581921e+00,-2.372484705049164116e-07
3.839724354387525018e+00,-2.383272025145094169e-07
3.857177646907468116e+00,-2.394014621958971702e-07
3.874630939427411658e+00,-2.404713040870005017e-07
3.892084231947354755e+00,-2.415367805208735375e-07
3.909537524467298297e+00,-2.425979416823793349e-07
3.926990816987241395e+00,-2.436548356620897659e-07
3.944444109507184937e+00,-2.447075085075216398e-07
3.961897402027128035e+00,-2.457560042718153163e-07
3.979350694547071576e+00,-2.468003650599539055e-07
3.996803987067014674e+00,-2.478406310726178688e-07
4.014257279586957772e+00,-2.488768406477617903e-07
4.031710572106900869e+00,-2.499090302999960620e-07
4.049163864626844855e+00,-2.509372347578516747e-07
4.066617157146787953e+00,-2.519614869989999007e-07
4.084070449666731051e+00,-2.529818182834957964e-07
4.101523742186674149e+00,-2.539982581851090503e-07
4.118977034706618134e+00,-2.550108346208019478e-07
4.136430327226561232e+00,-2.560195738784108842e-07
4.153883619746504330e+00,-2.570245006425824075e-07
4.171336912266447428e+00,-2.580256380190135016e-07
4.188790204786390525e+00,-2.590230075570402609e-07
4.206243497306334511e+00,-2.600166292706172021e-07
4.223696789826277609e+00,-2.610065216577257012e-07
4.241150082346220707e+00,-2.619927017182468645e-07
4.258603374866163804e+00,-2.629751849703312351e-07
4.276056667386107790e+00,-2.639539854652958783e-07
4.293509959906050888e+00,-2.649291158010743653e-07
4.310963252425993986e+00,-2.659005871342449586e-07
4.328416544945937083e+00,-2.668684091906582813e-07
4.345869837465880181e+00,-2.678325902746827877e-07
4.363323129985824167e+00,-2.687931372770857166e-07
4.380776422505767265e+00,-2.697500556815624449e-07
4.398229715025710362e+00,-2.707033495699263642e-07
4.415683007545653460e+00,-2.716530216259683337e-07
4.433136300065597446e+00,-2.725990731379926436e-07
4.450589592585540544e+00,-2.735415040000338839e-07
4.468042885105483641e+00,-2.744803127117569419e-07
4.485496177625426739e+00,-2.754154963770396509e-07
4.502949470145369837e+00,-2.763470507012361859e-07
4.520402762665313823e+00,-2.772749699871155933e-07
4.537856055185256920e+00,-2.781992471294692088e-07
4.555309347705200018e+00,-2.791198736083763221e-07
4.572762640225143116e+00,-2.800368394811170763e-07
4.590215932745087102e+00,-2.809501333727177278e-07
4.607669225265030200e+00,-2.818597424651115364e-07
4.625122517784973297e+00,-2.827656524848959094e-07
4.642575810304916395e+00,-2.836678476896638311e-07
4.660029102824859493e+00,-2.845663108528850133e-07
4.677482395344803479e+00,-2.854610232473093958e-07
4.694935687864746576e+00,-2.863519646268631941e-07
4.712388980384689674e+00,-2.872391132070038756e-07
4.729842272904632772e+00,-2.881224456434988614e-07
4.747295565424576758e+00,-2.890019370095885114e-07
4.764748857944519855e+00,-2.898775607714910968e-07
4.782202150464462953e+00,-2.907492887622044414e-07
4.799655442984406051e+00,-2.916170911535549461e-07
4.817108735504349148e+00,-2.924809364264415858e-07
4.834562028024293134e+00,-2.933407913392182350e-07
4.852015320544236232e+00,-2.941966208941540736e-07
4.869468613064179330e+00,-2.950483883019071732e-07
4.886921905584122428e+00,-2.958960549439432329e-07
4.904375198104066413e+00,-2.967395803328249280e-07
4.921828490624009511e+00,-2.975789220702943137e-07
4.939281783143952609e+00,-2.984140358030647995e-07
4.956735075663895707e+00,-2.992448751762339665e-07
4.974188368183838804e+00,-3.000713917842229426e-07
4.991641660703782790e+00,-3.008935351191421207e-07
5.009094953223725888e+00,-3.017112525164767598e-07
5.026548245743668986e+00,-3.025244890979791763e-07
5.044001538263612083e+00,-3.033331877116474598e-07
5.061454830783556069e+00,-3.041372888686627588e-07
5.078908123303499167e+00,-3.049367306771499806e-07
5.096361415823442265e+00,-3.057314487726173809e-07
5.113814708343385362e+00,-3.065213762449226304e-07
5.131268000863328460e+00,-3.073064435616023039e-07
5.148721293383272446e+00,-3.080865784873929511e-07
5.166174585903215544e+00,-3.088617059997599940e-07
5.183627878423158641e+00,-3.096317482002396362e-07
5.201081170943101739e+00,-3.103966242213874754e-07
5.218534463463045725e+00,-3.111562501291128524e-07
5.235987755982988823e+00,-3.119105388201658939e-07
5.253441048502931920e+00,-3.126593999145283298e-07
5.270894341022875018e+00,-3.134027396424428559e-07
5.288347633542818116e+00,-3.141404607258002518e-07
5.305800926062762102e+00,-3.148724622535842444e-07
5.323254218582705199e+00,-3.155986395510545223e-07
5.340707511102648297e+00,-3.163188840423282922e-07
5.358160803622591395e+00,-3.170330831059979022e-07
5.375614096142535381e+00,-3.177411199233976470e-07
5.393067388662478479e+00,-3.184428733191085231e-07
5.410520681182421576e+00,-3.191382175932601045e-07
5.427973973702364674e+00,-3.198270223451611841e-07
5.445427266222307772e+00,-3.205091522877563063e-07
5.462880558742251758e+00,-3.211844670523738728e-07
5.480333851262194855e+00,-3.218528209831914809e-07
5.497787143782137953e+00,-3.225140629208064582e-07
5.515240436302081051e+00,-3.231680359742554103e-07
5.532693728822025037e+00,-3.238145772807802177e-07
5.550147021341968134e+00,-3.244535177525880553e-07
5.567600313861911232e+00,-3.250846818097983680e-07
5.585053606381854330e+00,-3.257078870987112421e-07
5.602506898901797427e+00,-3.263229441944683474e-07
5.619960191421741413e+00,-3.269296562871082756e-07
5.637413483941684511e+00,-3.275278188499440353e-07
5.654866776461627609e+00,-3.281172192891097881e-07
5.672320068981570707e+00,-3.286976365730350730e-07
5.689773361501514692e+00,-3.292688408405110158e-07
5.707226654021457790e+00,-3.298305929859081410e-07
5.724679946541400888e+00,-3.303826442199925420e-07
5.742133239061343986e+00,-3.309247356046657176e-07
5.759586531581287083e+00,-3.314565975598175433e-07
5.777039824101231069e+00,-3.319779493403372130e-07
5.794493116621174167e+00,-3.324884984811667924e-07
5.811946409141117265e+00,-3.329879402081083299e-07
5.829399701661060362e+00,-3.334759568119037781e-07
5.846852994181004348e+00,-3.339522169828994549e-07
5.864306286700947446e+00,-3.344163751033768031e-07
5.881759579220890544e+00,-3.348680704943817584e-07
5.899212871740833641e+00,-3.353069266136074710e-07
5.916666164260776739e+00,-3.357325502005843253e-07
5.934119456780720725e+00,-3.361445303650963060e-07
5.951572749300663823e+00,-3.365424376143766811e-07
5.969026041820606920e+00,-3.369258228142301919e-07
5.986479334340550018e+00,-3.372942160787835059e-07
6.003932626860494004e+00,-3.376471255830702792e-07
6.021385919380437102e+00,-3.379840362921116889e-07
6.038839211900380199e+00,-3.383044085995478210e-07
6.056292504420323297e+00,-3.386076768682035031e-07
6.073745796940266395e+00,-3.388932478642275161e-07
6.091199089460210381e+00,-3.391604990756140335e-07
6.108652381980153478e+00,-3.394087769049928708e-07
6.126105674500096576e+00,-3.396373947255458826e-07
6.143558967020039674e+00,-3.398456307877582094e-07
6.161012259539983660e+00,-3.400327259634281318e-07
6.178465552059926758e+00,-3.401978813119220849e-07
6.195918844579869855e+00,-3.403402554520480513e-07
6.213372137099812953e+00,-3.404589617211109736e-07
6.230825429619756051e+00,-3.405530651006752290e-07
6.248278722139700037e+00,-3.406215788862667678e-07
6.265732014659643134e+00,-3.406634610756565487e-07
